,0
1,BraTS2021_00811
2,BraTS2021_01554
3,BraTS2021_01228
4,BraTS2021_00808
5,BraTS2021_01233
6,BraTS2021_01185
7,BraTS2021_00496
8,BraTS2021_00306
9,BraTS2021_00524
10,BraTS2021_00313
11,BraTS2021_01606
12,BraTS2021_00243
13,BraTS2021_00049
14,BraTS2021_00194
15,BraTS2021_00156
16,BraTS2021_00297
17,BraTS2021_01329
18,BraTS2021_00293
19,BraTS2021_00569
20,BraTS2021_00406
21,BraTS2021_01004
22,BraTS2021_01591
23,BraTS2021_01482
24,BraTS2021_01399
25,BraTS2021_01079
26,BraTS2021_01281
27,BraTS2021_01505
28,BraTS2021_01297
29,BraTS2021_00729
30,BraTS2021_01579
31,BraTS2021_00370
32,BraTS2021_01432
33,BraTS2021_00563
34,BraTS2021_01144
35,BraTS2021_00760
36,BraTS2021_01404
37,BraTS2021_01087
38,BraTS2021_00791
39,BraTS2021_00804
40,BraTS2021_00421
41,BraTS2021_00094
42,BraTS2021_01655
43,BraTS2021_01309
44,BraTS2021_00618
45,BraTS2021_01357
46,BraTS2021_00561
47,BraTS2021_00705
48,BraTS2021_00657
49,BraTS2021_00237
50,BraTS2021_01044
51,BraTS2021_01061
52,BraTS2021_00099
53,BraTS2021_01477
54,BraTS2021_01351
55,BraTS2021_01446
56,BraTS2021_00108
57,BraTS2021_00160
58,BraTS2021_00840
59,BraTS2021_00557
60,BraTS2021_00773
61,BraTS2021_00624
62,BraTS2021_00046
63,BraTS2021_00274
64,BraTS2021_00322
65,BraTS2021_01342
66,BraTS2021_01303
67,BraTS2021_00831
68,BraTS2021_01202
69,BraTS2021_01460
70,BraTS2021_01080
71,BraTS2021_01165
72,BraTS2021_00059
73,BraTS2021_01117
74,BraTS2021_00061
75,BraTS2021_00019
76,BraTS2021_01365
77,BraTS2021_00053
78,BraTS2021_01140
79,BraTS2021_00507
80,BraTS2021_00470
81,BraTS2021_01474
82,BraTS2021_01176
83,BraTS2021_00025
84,BraTS2021_01500
85,BraTS2021_00375
86,BraTS2021_01363
87,BraTS2021_01323
88,BraTS2021_01036
89,BraTS2021_00591
90,BraTS2021_01546
91,BraTS2021_00658
92,BraTS2021_00693
93,BraTS2021_01349
94,BraTS2021_01362
95,BraTS2021_01064
96,BraTS2021_00809
97,BraTS2021_01483
98,BraTS2021_01047
99,BraTS2021_00241
100,BraTS2021_00281
101,BraTS2021_01119
102,BraTS2021_01009
103,BraTS2021_01283
104,BraTS2021_01330
105,BraTS2021_01640
106,BraTS2021_01053
107,BraTS2021_01567
108,BraTS2021_01332
109,BraTS2021_00155
110,BraTS2021_00650
111,BraTS2021_00366
112,BraTS2021_01538
113,BraTS2021_00799
114,BraTS2021_01259
115,BraTS2021_00545
116,BraTS2021_00413
117,BraTS2021_00280
118,BraTS2021_00249
119,BraTS2021_01021
120,BraTS2021_00115
121,BraTS2021_00290
122,BraTS2021_01220
123,BraTS2021_01129
124,BraTS2021_01324
125,BraTS2021_01072
126,BraTS2021_01051
127,BraTS2021_01541
128,BraTS2021_00068
129,BraTS2021_00571
130,BraTS2021_00787
131,BraTS2021_00376
132,BraTS2021_00101
133,BraTS2021_00537
134,BraTS2021_01090
135,BraTS2021_00466
136,BraTS2021_00584
137,BraTS2021_01620
138,BraTS2021_01296
139,BraTS2021_01263
140,BraTS2021_01428
141,BraTS2021_01289
142,BraTS2021_01427
143,BraTS2021_00649
144,BraTS2021_01005
145,BraTS2021_00548
146,BraTS2021_01384
147,BraTS2021_00533
148,BraTS2021_00246
149,BraTS2021_00555
150,BraTS2021_01595
151,BraTS2021_01155
152,BraTS2021_01291
153,BraTS2021_00409
154,BraTS2021_01582
155,BraTS2021_01367
156,BraTS2021_00596
157,BraTS2021_00613
158,BraTS2021_01504
159,BraTS2021_01335
160,BraTS2021_00512
161,BraTS2021_01029
162,BraTS2021_01581
163,BraTS2021_00060
164,BraTS2021_01448
165,BraTS2021_00505
166,BraTS2021_01559
167,BraTS2021_00251
168,BraTS2021_00186
169,BraTS2021_01386
170,BraTS2021_01521
171,BraTS2021_01076
172,BraTS2021_01002
173,BraTS2021_01182
174,BraTS2021_01255
175,BraTS2021_00456
176,BraTS2021_01657
177,BraTS2021_01248
178,BraTS2021_00551
179,BraTS2021_01290
180,BraTS2021_00348
181,BraTS2021_01407
182,BraTS2021_00631
183,BraTS2021_00177
184,BraTS2021_00697
185,BraTS2021_01346
186,BraTS2021_00098
187,BraTS2021_00157
188,BraTS2021_01590
189,BraTS2021_01348
190,BraTS2021_00556
191,BraTS2021_00294
192,BraTS2021_01400
193,BraTS2021_01347
194,BraTS2021_01091
195,BraTS2021_00222
196,BraTS2021_01534
197,BraTS2021_01213
198,BraTS2021_01250
199,BraTS2021_00356
200,BraTS2021_01261
201,BraTS2021_01212
202,BraTS2021_00048
203,BraTS2021_00299
204,BraTS2021_00731
205,BraTS2021_01353
206,BraTS2021_00017
207,BraTS2021_01526
208,BraTS2021_01344
209,BraTS2021_00008
210,BraTS2021_01042
211,BraTS2021_00117
212,BraTS2021_00723
213,BraTS2021_00172
214,BraTS2021_00724
215,BraTS2021_00621
216,BraTS2021_01665
217,BraTS2021_01020
218,BraTS2021_01301
219,BraTS2021_00732
220,BraTS2021_01012
221,BraTS2021_00260
222,BraTS2021_01491
223,BraTS2021_01238
224,BraTS2021_00818
225,BraTS2021_00778
226,BraTS2021_01136
227,BraTS2021_00218
228,BraTS2021_01562
229,BraTS2021_01337
230,BraTS2021_01265
231,BraTS2021_01295
232,BraTS2021_00528
233,BraTS2021_01339
234,BraTS2021_01634
235,BraTS2021_00599
236,BraTS2021_01650
237,BraTS2021_00775
238,BraTS2021_00606
239,BraTS2021_01548
240,BraTS2021_00395
241,BraTS2021_00742
242,BraTS2021_00275
243,BraTS2021_00442
244,BraTS2021_01269
245,BraTS2021_00397
246,BraTS2021_01016
247,BraTS2021_00491
248,BraTS2021_01454
249,BraTS2021_00683
250,BraTS2021_01373
251,BraTS2021_01436
252,BraTS2021_00120
253,BraTS2021_00645
254,BraTS2021_01381
255,BraTS2021_01089
256,BraTS2021_01209
257,BraTS2021_00032
258,BraTS2021_01376
259,BraTS2021_00568
260,BraTS2021_01485
261,BraTS2021_00572
262,BraTS2021_00514
263,BraTS2021_01599
264,BraTS2021_01141
265,BraTS2021_00058
266,BraTS2021_01116
267,BraTS2021_00426
268,BraTS2021_01396
269,BraTS2021_00446
270,BraTS2021_01070
271,BraTS2021_00285
272,BraTS2021_00559
273,BraTS2021_01038
274,BraTS2021_00418
275,BraTS2021_00121
276,BraTS2021_01235
277,BraTS2021_00417
278,BraTS2021_01187
279,BraTS2021_00300
280,BraTS2021_00684
281,BraTS2021_00310
282,BraTS2021_01003
283,BraTS2021_00451
284,BraTS2021_01434
285,BraTS2021_00552
286,BraTS2021_01628
287,BraTS2021_01034
288,BraTS2021_00480
289,BraTS2021_01178
290,BraTS2021_00594
291,BraTS2021_01416
292,BraTS2021_00188
293,BraTS2021_00703
294,BraTS2021_01125
295,BraTS2021_01610
296,BraTS2021_01623
297,BraTS2021_00378
298,BraTS2021_00620
299,BraTS2021_01184
300,BraTS2021_00707
301,BraTS2021_01251
302,BraTS2021_01425
303,BraTS2021_01150
304,BraTS2021_01242
305,BraTS2021_00780
306,BraTS2021_00523
307,BraTS2021_01493
308,BraTS2021_01270
309,BraTS2021_01613
310,BraTS2021_01522
311,BraTS2021_01502
312,BraTS2021_00540
313,BraTS2021_01414
314,BraTS2021_01015
315,BraTS2021_00152
316,BraTS2021_01461
317,BraTS2021_00581
318,BraTS2021_00481
319,BraTS2021_01550
320,BraTS2021_00642
321,BraTS2021_01596
322,BraTS2021_00604
323,BraTS2021_01278
324,BraTS2021_00819
325,BraTS2021_01361
326,BraTS2021_00184
327,BraTS2021_01308
328,BraTS2021_00652
329,BraTS2021_00317
330,BraTS2021_01028
331,BraTS2021_00304
332,BraTS2021_01437
333,BraTS2021_01322
334,BraTS2021_01467
335,BraTS2021_00221
336,BraTS2021_01410
337,BraTS2021_00074
338,BraTS2021_00359
339,BraTS2021_00353
340,BraTS2021_01570
341,BraTS2021_00106
342,BraTS2021_01312
343,BraTS2021_01229
344,BraTS2021_00690
345,BraTS2021_00052
346,BraTS2021_01632
347,BraTS2021_00064
348,BraTS2021_01495
349,BraTS2021_00316
350,BraTS2021_00090
351,BraTS2021_01334
352,BraTS2021_01149
353,BraTS2021_01641
354,BraTS2021_00677
355,BraTS2021_01192
356,BraTS2021_01177
357,BraTS2021_01032
358,BraTS2021_00575
359,BraTS2021_00789
360,BraTS2021_00043
361,BraTS2021_01451
362,BraTS2021_01258
363,BraTS2021_00159
364,BraTS2021_00045
365,BraTS2021_01121
366,BraTS2021_00349
367,BraTS2021_00227
368,BraTS2021_01398
369,BraTS2021_00373
370,BraTS2021_00262
371,BraTS2021_01638
372,BraTS2021_01197
373,BraTS2021_00087
374,BraTS2021_01442
375,BraTS2021_00105
376,BraTS2021_00750
377,BraTS2021_01043
378,BraTS2021_00485
379,BraTS2021_01284
380,BraTS2021_00793
381,BraTS2021_00288
382,BraTS2021_01382
383,BraTS2021_00667
384,BraTS2021_01081
385,BraTS2021_00425
386,BraTS2021_01069
387,BraTS2021_01654
388,BraTS2021_00127
389,BraTS2021_01172
390,BraTS2021_01569
391,BraTS2021_01023
392,BraTS2021_01666
393,BraTS2021_00757
394,BraTS2021_00149
395,BraTS2021_01293
396,BraTS2021_01479
397,BraTS2021_01345
398,BraTS2021_00800
399,BraTS2021_00399
400,BraTS2021_00765
401,BraTS2021_00538
402,BraTS2021_01589
403,BraTS2021_00715
404,BraTS2021_00146
405,BraTS2021_00140
406,BraTS2021_01611
407,BraTS2021_01313
408,BraTS2021_00195
409,BraTS2021_00191
410,BraTS2021_01112
411,BraTS2021_01466
412,BraTS2021_01285
413,BraTS2021_01142
414,BraTS2021_00369
415,BraTS2021_00640
416,BraTS2021_01063
417,BraTS2021_01092
418,BraTS2021_00170
419,BraTS2021_01328
420,BraTS2021_00371
421,BraTS2021_00367
422,BraTS2021_01558
423,BraTS2021_01266
424,BraTS2021_01553
425,BraTS2021_00183
426,BraTS2021_01224
427,BraTS2021_01305
428,BraTS2021_01056
429,BraTS2021_00204
430,BraTS2021_01341
431,BraTS2021_00391
432,BraTS2021_00733
433,BraTS2021_01147
434,BraTS2021_01457
435,BraTS2021_01026
436,BraTS2021_00744
437,BraTS2021_00429
438,BraTS2021_00824
439,BraTS2021_01225
440,BraTS2021_01104
441,BraTS2021_00725
442,BraTS2021_01052
443,BraTS2021_01054
444,BraTS2021_01377
445,BraTS2021_01110
446,BraTS2021_01120
447,BraTS2021_00441
448,BraTS2021_01356
449,BraTS2021_00501
450,BraTS2021_01465
451,BraTS2021_01571
452,BraTS2021_01237
453,BraTS2021_00539
454,BraTS2021_01074
455,BraTS2021_01174
456,BraTS2021_01292
457,BraTS2021_01371
458,BraTS2021_01374
459,BraTS2021_01279
460,BraTS2021_01035
461,BraTS2021_01568
462,BraTS2021_00709
463,BraTS2021_01643
464,BraTS2021_00311
465,BraTS2021_01031
466,BraTS2021_01311
467,BraTS2021_01098
468,BraTS2021_01509
469,BraTS2021_00622
470,BraTS2021_01017
471,BraTS2021_01498
472,BraTS2021_00739
473,BraTS2021_00005
474,BraTS2021_01645
475,BraTS2021_00321
476,BraTS2021_00468
477,BraTS2021_01203
478,BraTS2021_01030
479,BraTS2021_01636
480,BraTS2021_01019
481,BraTS2021_00085
482,BraTS2021_00708
483,BraTS2021_00270
484,BraTS2021_01340
485,BraTS2021_01580
486,BraTS2021_01594
487,BraTS2021_01214
488,BraTS2021_00380
489,BraTS2021_00646
490,BraTS2021_01488
491,BraTS2021_01355
492,BraTS2021_00638
493,BraTS2021_01146
494,BraTS2021_00383
495,BraTS2021_00432
496,BraTS2021_00151
497,BraTS2021_01576
498,BraTS2021_00021
499,BraTS2021_01637
500,BraTS2021_00178
501,BraTS2021_00453
502,BraTS2021_01572
503,BraTS2021_01013
504,BraTS2021_01204
505,BraTS2021_01320
506,BraTS2021_01617
507,BraTS2021_01430
508,BraTS2021_01647
509,BraTS2021_00134
510,BraTS2021_00479
511,BraTS2021_01113
512,BraTS2021_01536
513,BraTS2021_01565
514,BraTS2021_00674
515,BraTS2021_00668
516,BraTS2021_01097
517,BraTS2021_01189
518,BraTS2021_01607
519,BraTS2021_01447
520,BraTS2021_01024
521,BraTS2021_00253
522,BraTS2021_01058
523,BraTS2021_00405
524,BraTS2021_00341
525,BraTS2021_01605
526,BraTS2021_00051
527,BraTS2021_00331
528,BraTS2021_01429
529,BraTS2021_00663
530,BraTS2021_00464
531,BraTS2021_00063
532,BraTS2021_01343
533,BraTS2021_00519
534,BraTS2021_01525
535,BraTS2021_01369
536,BraTS2021_01489
537,BraTS2021_00414
538,BraTS2021_01333
539,BraTS2021_00580
540,BraTS2021_01511
541,BraTS2021_01282
542,BraTS2021_01633
543,BraTS2021_00133
544,BraTS2021_00605
545,BraTS2021_01241
546,BraTS2021_00193
547,BraTS2021_01392
548,BraTS2021_01378
549,BraTS2021_00282
550,BraTS2021_00774
551,BraTS2021_01045
552,BraTS2021_01231
553,BraTS2021_01254
554,BraTS2021_01411
555,BraTS2021_00590
556,BraTS2021_00003
557,BraTS2021_01524
558,BraTS2021_00443
559,BraTS2021_00116
560,BraTS2021_00734
561,BraTS2021_00706
562,BraTS2021_01173
563,BraTS2021_00444
564,BraTS2021_00403
565,BraTS2021_00211
566,BraTS2021_00565
567,BraTS2021_01412
568,BraTS2021_01084
569,BraTS2021_00802
570,BraTS2021_00206
571,BraTS2021_01264
572,BraTS2021_01230
573,BraTS2021_00532
574,BraTS2021_01304
575,BraTS2021_00318
576,BraTS2021_00336
577,BraTS2021_00728
578,BraTS2021_01195
579,BraTS2021_01512
580,BraTS2021_01390
581,BraTS2021_01193
582,BraTS2021_00499
583,BraTS2021_01277
584,BraTS2021_00616
585,BraTS2021_01408
586,BraTS2021_01057
587,BraTS2021_01646
588,BraTS2021_00625
589,BraTS2021_01037
590,BraTS2021_01128
591,BraTS2021_01435
592,BraTS2021_00781
593,BraTS2021_01170
594,BraTS2021_01547
595,BraTS2021_01627
596,BraTS2021_00777
597,BraTS2021_00402
598,BraTS2021_01247
599,BraTS2021_00682
600,BraTS2021_00494
601,BraTS2021_01587
602,BraTS2021_01106
603,BraTS2021_01316
604,BraTS2021_00836
605,BraTS2021_01114
606,BraTS2021_00143
607,BraTS2021_00377
608,BraTS2021_01516
609,BraTS2021_00289
610,BraTS2021_01131
611,BraTS2021_00597
612,BraTS2021_01306
613,BraTS2021_01552
614,BraTS2021_00688
615,BraTS2021_01420
616,BraTS2021_01518
617,BraTS2021_00510
618,BraTS2021_01137
619,BraTS2021_01082
620,BraTS2021_00737
621,BraTS2021_01033
622,BraTS2021_00158
623,BraTS2021_00137
624,BraTS2021_01388
625,BraTS2021_00530
626,BraTS2021_00543
627,BraTS2021_01543
628,BraTS2021_00751
629,BraTS2021_00112
630,BraTS2021_00554
631,BraTS2021_00028
632,BraTS2021_01294
633,BraTS2021_00343
634,BraTS2021_00033
635,BraTS2021_00207
636,BraTS2021_01459
637,BraTS2021_01419
638,BraTS2021_00839
639,BraTS2021_00325
640,BraTS2021_01443
641,BraTS2021_00382
642,BraTS2021_01068
643,BraTS2021_01181
644,BraTS2021_01551
645,BraTS2021_00686
646,BraTS2021_01327
647,BraTS2021_00577
648,BraTS2021_01464
649,BraTS2021_00012
650,BraTS2021_01494
651,BraTS2021_00477
652,BraTS2021_00165
653,BraTS2021_01310
654,BraTS2021_01008
655,BraTS2021_01318
656,BraTS2021_00258
657,BraTS2021_00110
658,BraTS2021_01556
659,BraTS2021_01095
660,BraTS2021_00549
661,BraTS2021_01575
662,BraTS2021_00520
663,BraTS2021_01563
664,BraTS2021_00035
665,BraTS2021_01639
666,BraTS2021_01105
667,BraTS2021_01153
668,BraTS2021_00676
669,BraTS2021_00196
670,BraTS2021_00493
671,BraTS2021_00266
672,BraTS2021_01566
673,BraTS2021_01007
674,BraTS2021_00254
675,BraTS2021_01227
676,BraTS2021_00328
677,BraTS2021_00269
678,BraTS2021_01206
679,BraTS2021_00694
680,BraTS2021_00758
681,BraTS2021_01472
682,BraTS2021_00104
683,BraTS2021_01379
684,BraTS2021_01152
685,BraTS2021_01027
686,BraTS2021_00469
687,BraTS2021_01517
688,BraTS2021_00379
689,BraTS2021_00209
690,BraTS2021_00747
691,BraTS2021_00544
692,BraTS2021_01433
693,BraTS2021_00011
694,BraTS2021_01179
695,BraTS2021_01298
696,BraTS2021_01649
697,BraTS2021_01663
698,BraTS2021_00131
699,BraTS2021_01422
700,BraTS2021_01533
701,BraTS2021_01586
702,BraTS2021_01364
703,BraTS2021_01501
704,BraTS2021_01463
705,BraTS2021_00070
706,BraTS2021_01602
707,BraTS2021_01040
708,BraTS2021_01210
709,BraTS2021_00350
710,BraTS2021_00176
711,BraTS2021_00504
712,BraTS2021_00201
713,BraTS2021_01662
714,BraTS2021_01389
715,BraTS2021_00056
716,BraTS2021_01163
717,BraTS2021_00154
718,BraTS2021_00088
719,BraTS2021_00095
720,BraTS2021_01626
721,BraTS2021_00795
722,BraTS2021_01471
723,BraTS2021_01445
724,BraTS2021_01118
725,BraTS2021_00009
726,BraTS2021_00338
727,BraTS2021_01573
728,BraTS2021_00410
729,BraTS2021_01401
730,BraTS2021_01274
731,BraTS2021_00077
732,BraTS2021_00574
733,BraTS2021_01449
734,BraTS2021_00753
735,BraTS2021_01066
736,BraTS2021_01431
737,BraTS2021_00303
738,BraTS2021_01156
739,BraTS2021_00828
740,BraTS2021_01619
741,BraTS2021_00122
742,BraTS2021_01287
743,BraTS2021_01244
744,BraTS2021_00084
745,BraTS2021_00234
746,BraTS2021_01085
747,BraTS2021_01499
748,BraTS2021_00615
749,BraTS2021_00558
750,BraTS2021_00150
751,BraTS2021_00630
752,BraTS2021_00796
753,BraTS2021_01049
754,BraTS2021_00756
755,BraTS2021_00078
756,BraTS2021_01661
757,BraTS2021_01418
758,BraTS2021_00147
759,BraTS2021_01188
760,BraTS2021_01077
761,BraTS2021_00805
762,BraTS2021_01478
763,BraTS2021_01107
764,BraTS2021_00459
765,BraTS2021_01201
766,BraTS2021_01360
767,BraTS2021_01531
768,BraTS2021_01103
769,BraTS2021_01139
770,BraTS2021_00390
771,BraTS2021_00478
772,BraTS2021_01314
773,BraTS2021_00423
774,BraTS2021_01218
775,BraTS2021_00511
776,BraTS2021_00448
777,BraTS2021_01157
778,BraTS2021_00199
779,BraTS2021_00529
780,BraTS2021_01625
781,BraTS2021_01653
782,BraTS2021_00803
783,BraTS2021_00022
784,BraTS2021_00247
785,BraTS2021_01564
786,BraTS2021_01658
787,BraTS2021_01164
788,BraTS2021_01148
789,BraTS2021_00000
790,BraTS2021_01171
791,BraTS2021_01232
792,BraTS2021_00344
793,BraTS2021_00404
794,BraTS2021_00838
795,BraTS2021_01025
796,BraTS2021_01243
797,BraTS2021_01497
798,BraTS2021_01631
799,BraTS2021_00388
800,BraTS2021_01102
801,BraTS2021_01001
802,BraTS2021_01109
803,BraTS2021_01450
804,BraTS2021_01440
805,BraTS2021_01350
806,BraTS2021_01514
807,BraTS2021_00271
808,BraTS2021_01513
809,BraTS2021_00089
810,BraTS2021_00730
811,BraTS2021_01557
812,BraTS2021_00273
813,BraTS2021_00261
814,BraTS2021_00654
815,BraTS2021_01208
816,BraTS2021_00071
817,BraTS2021_01608
818,BraTS2021_00689
819,BraTS2021_01397
820,BraTS2021_00455
821,BraTS2021_01423
822,BraTS2021_00312
823,BraTS2021_01648
824,BraTS2021_00107
825,BraTS2021_01138
826,BraTS2021_00231
827,BraTS2021_01415
828,BraTS2021_01372
829,BraTS2021_01219
830,BraTS2021_01160
831,BraTS2021_00166
832,BraTS2021_01473
833,BraTS2021_01629
834,BraTS2021_01143
835,BraTS2021_01262
836,BraTS2021_01549
837,BraTS2021_01050
838,BraTS2021_01393
839,BraTS2021_01151
840,BraTS2021_01354
841,BraTS2021_01075
842,BraTS2021_00219
843,BraTS2021_00598
844,BraTS2021_01604
845,BraTS2021_01215
846,BraTS2021_00212
847,BraTS2021_01507
848,BraTS2021_00026
849,BraTS2021_00784
850,BraTS2021_00500
851,BraTS2021_00419
852,BraTS2021_01545
853,BraTS2021_01205
854,BraTS2021_01527
855,BraTS2021_01642
856,BraTS2021_01462
857,BraTS2021_00788
858,BraTS2021_00820
859,BraTS2021_00502
860,BraTS2021_00582
861,BraTS2021_01487
862,BraTS2021_01067
863,BraTS2021_00587
864,BraTS2021_00611
865,BraTS2021_01315
866,BraTS2021_01544
867,BraTS2021_01510
868,BraTS2021_01132
869,BraTS2021_01583
870,BraTS2021_00030
871,BraTS2021_00066
872,BraTS2021_00610
873,BraTS2021_01272
874,BraTS2021_01338
875,BraTS2021_01656
876,BraTS2021_01391
877,BraTS2021_01405
878,BraTS2021_00407
879,BraTS2021_01307
880,BraTS2021_01321
881,BraTS2021_00626
882,BraTS2021_01490
883,BraTS2021_00314
884,BraTS2021_00547
885,BraTS2021_01519
886,BraTS2021_01402
887,BraTS2021_01222
888,BraTS2021_01588
889,BraTS2021_00020
890,BraTS2021_01252
891,BraTS2021_01492
892,BraTS2021_01561
893,BraTS2021_00806
894,BraTS2021_00692
895,BraTS2021_00351
896,BraTS2021_00291
897,BraTS2021_00006
898,BraTS2021_01167
899,BraTS2021_01484
900,BraTS2021_00830
901,BraTS2021_01470
902,BraTS2021_00044
903,BraTS2021_00452
904,BraTS2021_00680
905,BraTS2021_01245
906,BraTS2021_00230
907,BraTS2021_01071
908,BraTS2021_00433
909,BraTS2021_01612
910,BraTS2021_00286
911,BraTS2021_01385
912,BraTS2021_00142
913,BraTS2021_01014
914,BraTS2021_00352
915,BraTS2021_01300
916,BraTS2021_01438
917,BraTS2021_01115
918,BraTS2021_01403
919,BraTS2021_00217
920,BraTS2021_00062
921,BraTS2021_01059
922,BraTS2021_01133
923,BraTS2021_01523
924,BraTS2021_01221
925,BraTS2021_00704
926,BraTS2021_00583
927,BraTS2021_01288
928,BraTS2021_00250
929,BraTS2021_01286
930,BraTS2021_01336
931,BraTS2021_00210
932,BraTS2021_00132
933,BraTS2021_01615
934,BraTS2021_01325
935,BraTS2021_00746
936,BraTS2021_00292
937,BraTS2021_01130
938,BraTS2021_00687
939,BraTS2021_00167
940,BraTS2021_00526
941,BraTS2021_00736
942,BraTS2021_00128
943,BraTS2021_00031
944,BraTS2021_01239
945,BraTS2021_01302
946,BraTS2021_00636
947,BraTS2021_01515
948,BraTS2021_00782
949,BraTS2021_01660
950,BraTS2021_00513
951,BraTS2021_01535
952,BraTS2021_00472
953,BraTS2021_00233
954,BraTS2021_00296
955,BraTS2021_01280
956,BraTS2021_00837
957,BraTS2021_00601
958,BraTS2021_00440
959,BraTS2021_01370
960,BraTS2021_00542
961,BraTS2021_00126
962,BraTS2021_00488
963,BraTS2021_01624
964,BraTS2021_01387
965,BraTS2021_01452
966,BraTS2021_01275
967,BraTS2021_01060
968,BraTS2021_00113
969,BraTS2021_00608
970,BraTS2021_01267
971,BraTS2021_01190
972,BraTS2021_01180
973,BraTS2021_01528
974,BraTS2021_01223
975,BraTS2021_00148
976,BraTS2021_01260
977,BraTS2021_01458
978,BraTS2021_01651
979,BraTS2021_00340
980,BraTS2021_00823
981,BraTS2021_00238
982,BraTS2021_01094
983,BraTS2021_00416
984,BraTS2021_01326
985,BraTS2021_00659
986,BraTS2021_00138
987,BraTS2021_00810
988,BraTS2021_01062
989,BraTS2021_00679
990,BraTS2021_00716
991,BraTS2021_00661
992,BraTS2021_00834
993,BraTS2021_00364
994,BraTS2021_00999
995,BraTS2021_01065
996,BraTS2021_01555
997,BraTS2021_00457
998,BraTS2021_01508
999,BraTS2021_00228
1000,BraTS2021_00445
1001,BraTS2021_00263
1002,BraTS2021_01159
1003,BraTS2021_00735
1004,BraTS2021_00072
1005,BraTS2021_01406
1006,BraTS2021_00517
1007,BraTS2021_00389
1008,BraTS2021_01011
1009,BraTS2021_00685
1010,BraTS2021_00002
1011,BraTS2021_00593
1012,BraTS2021_01100
1013,BraTS2021_00124
1014,BraTS2021_00498
1015,BraTS2021_00612
1016,BraTS2021_01444
1017,BraTS2021_01253
1018,BraTS2021_01574
1019,BraTS2021_01240
1020,BraTS2021_00586
1021,BraTS2021_00714
1022,BraTS2021_01123
1023,BraTS2021_00506
1024,BraTS2021_00792
1025,BraTS2021_00768
1026,BraTS2021_01200
1027,BraTS2021_01456
1028,BraTS2021_01455
1029,BraTS2021_01503
1030,BraTS2021_01108
1031,BraTS2021_00656
1032,BraTS2021_01368
1033,BraTS2021_01319
1034,BraTS2021_01039
1035,BraTS2021_01216
1036,BraTS2021_01644
1037,BraTS2021_00298
1038,BraTS2021_00332
1039,BraTS2021_01616
1040,BraTS2021_00483
1041,BraTS2021_00525
1042,BraTS2021_00516
1043,BraTS2021_01257
1044,BraTS2021_01175
1045,BraTS2021_01609
1046,BraTS2021_00118
1047,BraTS2021_01622
1048,BraTS2021_01158
1049,BraTS2021_00324
1050,BraTS2021_00130
1051,BraTS2021_01271
1052,BraTS2021_01358
1053,BraTS2021_01111
1054,BraTS2021_01560
1055,BraTS2021_01183
1056,BraTS2021_00578
1057,BraTS2021_01073
1058,BraTS2021_01256
1059,BraTS2021_00214
1060,BraTS2021_00267
1061,BraTS2021_00814
1062,BraTS2021_01299
1063,BraTS2021_00718
1064,BraTS2021_00386
1065,BraTS2021_00185
1066,BraTS2021_00518
1067,BraTS2021_01135
1068,BraTS2021_00171
1069,BraTS2021_01191
1070,BraTS2021_00334
1071,BraTS2021_01540
1072,BraTS2021_00203
1073,BraTS2021_01592
1074,BraTS2021_01226
1075,BraTS2021_01383
1076,BraTS2021_01395
1077,BraTS2021_00570
1078,BraTS2021_00619
1079,BraTS2021_01585
1080,BraTS2021_01194
1081,BraTS2021_00740
1082,BraTS2021_00623
1083,BraTS2021_01145
1084,BraTS2021_00816
1085,BraTS2021_00449
1086,BraTS2021_01096
1087,BraTS2021_01441
1088,BraTS2021_01088
1089,BraTS2021_01664
1090,BraTS2021_00797
1091,BraTS2021_01486
1092,BraTS2021_00097
1093,BraTS2021_01424
1094,BraTS2021_01603
1095,BraTS2021_01380
1096,BraTS2021_01413
1097,BraTS2021_00014
1098,BraTS2021_01217
1099,BraTS2021_01046
1100,BraTS2021_00655
1101,BraTS2021_01041
1102,BraTS2021_00412
1103,BraTS2021_00589
1104,BraTS2021_01375
1105,BraTS2021_01018
1106,BraTS2021_00100
1107,BraTS2021_01475
1108,BraTS2021_01439
1109,BraTS2021_00401
1110,BraTS2021_01537
1111,BraTS2021_01578
1112,BraTS2021_01598
1113,BraTS2021_01600
1114,BraTS2021_01359
1115,BraTS2021_01086
1116,BraTS2021_00628
1117,BraTS2021_01542
1118,BraTS2021_01417
1119,BraTS2021_00329
1120,BraTS2021_00346
1121,BraTS2021_00220
1122,BraTS2021_01597
1123,BraTS2021_00103
1124,BraTS2021_01134
1125,BraTS2021_00607
1126,BraTS2021_00698
1127,BraTS2021_00651
1128,BraTS2021_00550
1129,BraTS2021_00309
1130,BraTS2021_01593
1131,BraTS2021_00576
1132,BraTS2021_01529
1133,BraTS2021_00239
1134,BraTS2021_01048
1135,BraTS2021_00236
1136,BraTS2021_00602
1137,BraTS2021_01099
1138,BraTS2021_01652
1139,BraTS2021_01614
1140,BraTS2021_00054
1141,BraTS2021_00588
1142,BraTS2021_01453
1143,BraTS2021_01186
1144,BraTS2021_00347
1145,BraTS2021_00727
1146,BraTS2021_00495
1147,BraTS2021_00305
1148,BraTS2021_01083
1149,BraTS2021_01166
1150,BraTS2021_00675
1151,BraTS2021_01211
1152,BraTS2021_01122
1153,BraTS2021_01409
1154,BraTS2021_01246
1155,BraTS2021_01584
1156,BraTS2021_00283
1157,BraTS2021_01635
1158,BraTS2021_01234
1159,BraTS2021_01249
1160,BraTS2021_01426
1161,BraTS2021_01601
1162,BraTS2021_00400
1163,BraTS2021_01394
1164,BraTS2021_00235
1165,BraTS2021_00216
1166,BraTS2021_01055
1167,BraTS2021_00139
1168,BraTS2021_00767
1169,BraTS2021_00242
1170,BraTS2021_01162
1171,BraTS2021_01078
1172,BraTS2021_01198
1173,BraTS2021_00109
1174,BraTS2021_00639
1175,BraTS2021_01276
1176,BraTS2021_00136
1177,BraTS2021_01476
1178,BraTS2021_01126
1179,BraTS2021_01366
1180,BraTS2021_01539
1181,BraTS2021_00387
1182,BraTS2021_01168
1183,BraTS2021_00284
1184,BraTS2021_01352
1185,BraTS2021_00301
1186,BraTS2021_00036
1187,BraTS2021_00691
1188,BraTS2021_00764
1189,BraTS2021_00759
1190,BraTS2021_01317
1191,BraTS2021_01530
1192,BraTS2021_01196
1193,BraTS2021_01469
1194,BraTS2021_01101
1195,BraTS2021_01468
1196,BraTS2021_01577
1197,BraTS2021_00801
1198,BraTS2021_01161
1199,BraTS2021_01207
1200,BraTS2021_01621
1201,BraTS2021_01496
1202,BraTS2021_01421
1203,BraTS2021_01154
1204,BraTS2021_00641
1205,BraTS2021_00102
1206,BraTS2021_00327
1207,BraTS2021_01659
1208,BraTS2021_01124
1209,BraTS2021_00162
1210,BraTS2021_01273
1211,BraTS2021_01127
1212,BraTS2021_00081
1213,BraTS2021_01268
1214,BraTS2021_00240
1215,BraTS2021_00096
1216,BraTS2021_00259
1217,BraTS2021_00430
1218,BraTS2021_00579
1219,BraTS2021_01506
1220,BraTS2021_00192
1221,BraTS2021_01630
1222,BraTS2021_01331
1223,BraTS2021_00431
1224,BraTS2021_00567
1225,BraTS2021_00018
1226,BraTS2021_01000
1227,BraTS2021_00123
1228,BraTS2021_01022
1229,BraTS2021_01199
1230,BraTS2021_00144
1231,BraTS2021_00024
1232,BraTS2021_00339
1233,BraTS2021_01481
1234,BraTS2021_00187
1235,BraTS2021_00320
1236,BraTS2021_00111
1237,BraTS2021_01520
1238,BraTS2021_00772
1239,BraTS2021_01236
1240,BraTS2021_01093
1241,BraTS2021_01480
1242,BraTS2021_01010
1243,BraTS2021_01532
1244,BraTS2021_00016
1245,BraTS2021_01618
1246,BraTS2021_01169
1247,BraTS2021_00436
1248,BraTS2021_00454
1249,BraTS2021_00807
1250,BraTS2021_00392
1251,BraTS2021_00360
